{
  "type": "minecraft:crafting_shaped",
  "key": {
    "#": {
      "item": "minecraft:repeater"
    },
    "B": {
      "item": "minecraft:bricks"
    },
    "C": {
      "item": "minecraft:clock"
    },
    "O": {
      "item": "minecraft:spruce_planks"
    },
    "R": {
      "item": "minecraft:redstone_torch"
    },
    "V": {
      "item": "minecraft:redstone"
    }
  },
  "pattern": [
    "#R#",
    "COV",
    "BBB"
  ],
  "result": {
    "item": "weeping_angels:timey_wimey_detector"
  }
}