{
  "type": "weeping_angels:feature_add",
  "biomes": "#minecraft:is_overworld",
  "features": {
    "feature": {
      "type": "minecraft:ore",
      "config": {
        "discard_chance_on_air_exposure": 0.0,
        "size": 9,
        "targets": [
          {
            "state": {
              "Name": "weeping_angels:kontron_ore"
            },
            "target": {
              "predicate_type": "minecraft:tag_match",
              "tag": "minecraft:stone_ore_replaceables"
            }
          },
          {
            "state": {
              "Name": "weeping_angels:kontron_ore_deepslate"
            },
            "target": {
              "predicate_type": "minecraft:tag_match",
              "tag": "minecraft:deepslate_ore_replaceables"
            }
          }
        ]
      }
    },
    "placement": [
      {
        "type": "minecraft:count",
        "count": 10
      },
      {
        "type": "minecraft:in_square"
      },
      {
        "type": "minecraft:height_range",
        "height": {
          "type": "minecraft:trapezoid",
          "max_inclusive": {
            "absolute": 56
          },
          "min_inclusive": {
            "absolute": -24
          }
        }
      },
      {
        "type": "minecraft:biome"
      }
    ]
  },
  "generation_stage": "UNDERGROUND_ORES"
}