{
  "type": "weeping_angels:feature_add",
  "biomes": "#forge:is_snowy",
  "features": {
    "feature": {
      "type": "minecraft:random_patch",
      "config": {
        "feature": {
          "feature": {
            "type": "minecraft:simple_block",
            "config": {
              "to_place": {
                "type": "minecraft:simple_state_provider",
                "state": {
                  "Name": "weeping_angels:snow_angel",
                  "Properties": {
                    "layers": "1"
                  }
                }
              }
            }
          },
          "placement": [
            {
              "type": "minecraft:block_predicate_filter",
              "predicate": {
                "type": "minecraft:matching_blocks",
                "blocks": "minecraft:air"
              }
            }
          ]
        },
        "tries": 96,
        "xz_spread": 7,
        "y_spread": 3
      }
    },
    "placement": [
      {
        "type": "minecraft:noise_threshold_count",
        "above_noise": 4,
        "below_noise": 0,
        "noise_level": -0.8
      },
      {
        "type": "minecraft:rarity_filter",
        "chance": 300
      },
      {
        "type": "minecraft:in_square"
      },
      {
        "type": "minecraft:heightmap",
        "heightmap": "MOTION_BLOCKING"
      },
      {
        "type": "minecraft:biome"
      }
    ]
  },
  "generation_stage": "RAW_GENERATION"
}