{
  "parent": "minecraft:recipes/root",
  "criteria": {
    "has_stone": {
      "conditions": {
        "items": [
          {
            "tag": "minecraft:stone_crafting_materials"
          }
        ]
      },
      "trigger": "minecraft:inventory_changed"
    },
    "has_the_recipe": {
      "conditions": {
        "recipe": "weeping_angels:chisel"
      },
      "trigger": "minecraft:recipe_unlocked"
    }
  },
  "requirements": [
    [
      "has_stone",
      "has_the_recipe"
    ]
  ],
  "rewards": {
    "recipes": [
      "weeping_angels:chisel"
    ]
  }
}