{
  "parent": "minecraft:recipes/root",
  "criteria": {
    "has_crafting_table": {
      "conditions": {
        "items": [
          {
            "tag": "forge:stone"
          }
        ]
      },
      "trigger": "minecraft:inventory_changed"
    },
    "has_the_recipe": {
      "conditions": {
        "recipe": "weeping_angels:plinth"
      },
      "trigger": "minecraft:recipe_unlocked"
    }
  },
  "requirements": [
    [
      "has_crafting_table",
      "has_the_recipe"
    ]
  ],
  "rewards": {
    "recipes": [
      "weeping_angels:plinth"
    ]
  }
}