{
  "parent": "minecraft:recipes/root",
  "criteria": {
    "has_any_kontron": {
      "conditions": {
        "items": [
          {
            "items": [
              "weeping_angels:kontron_ore"
            ]
          }
        ]
      },
      "trigger": "minecraft:inventory_changed"
    },
    "has_the_recipe": {
      "conditions": {
        "recipe": "weeping_angels:smelt_kontron"
      },
      "trigger": "minecraft:recipe_unlocked"
    }
  },
  "requirements": [
    [
      "has_any_kontron",
      "has_the_recipe"
    ]
  ],
  "rewards": {
    "recipes": [
      "weeping_angels:smelt_kontron"
    ]
  }
}