{
  "parent": "minecraft:recipes/root",
  "criteria": {
    "has_clock": {
      "conditions": {
        "items": [
          {
            "items": [
              "minecraft:clock"
            ]
          }
        ]
      },
      "trigger": "minecraft:inventory_changed"
    },
    "has_the_recipe": {
      "conditions": {
        "recipe": "weeping_angels:timey_wimey_detector"
      },
      "trigger": "minecraft:recipe_unlocked"
    }
  },
  "requirements": [
    [
      "has_clock",
      "has_the_recipe"
    ]
  ],
  "rewards": {
    "recipes": [
      "weeping_angels:timey_wimey_detector"
    ]
  }
}